URL,Version,Status,OIDs,Name,Title,Description,Used
http://hl7.org/fhir/observation-status,4.0.1,active,"2.16.840.1.113883.4.642.4.401",ObservationStatus,ObservationStatus,"Codes providing the status of an observation.","ValueSet/observation-status"
http://hl7.org/fhir/quantity-comparator,4.0.1,active,"2.16.840.1.113883.4.642.4.60",QuantityComparator,QuantityComparator,"How the Quantity should be understood and represented.","ValueSet/quantity-comparator"
http://snomed.info/sct,null,active,"2.16.840.1.113883.6.96",SNOMED_CT,SNOMED CT (all versions),"SNOMED CT is the most comprehensive and precise clinical health terminology product in the world, owned and distributed around the world by The International Health Terminology Standards Development Organisation (IHTSDO).","ValueSet/referencerange-appliesto,ValueSet/observation-methods,ValueSet/body-site"
http://terminology.hl7.org/CodeSystem/common-tags,1.0.1,active,"2.16.840.1.113883.4.642.1.1067",CommonTags,Common Tags,"Common Tag Codes defined by FHIR project","ValueSet/common-tags"
http://terminology.hl7.org/CodeSystem/data-absent-reason,2.0.0,active,"2.16.840.1.113883.4.642.4.1048",DataAbsentReason,DataAbsentReason,"Used to specify why the normally expected content of the data element is missing.","ValueSet/data-absent-reason"
http://terminology.hl7.org/CodeSystem/observation-category,2.0.0,active,"2.16.840.1.113883.4.642.1.1125",ObservationCategoryCodes,Observation Category Codes,"Observation Category codes.","ValueSet/observation-category"
http://terminology.hl7.org/CodeSystem/referencerange-meaning,1.0.1,active,"2.16.840.1.113883.4.642.1.1124",ObservationReferenceRangeMeaningCodes,Observation Reference Range Meaning Codes,"This value set defines a set of codes that can be used to indicate the meaning/use of a reference range for a particular target population.","ValueSet/referencerange-meaning"
http://terminology.hl7.org/CodeSystem/v2-0532,3.0.0,active,"2.16.840.1.113883.18.347",ExpandedYesNoIndicator,expandedYes-NoIndicator,"HL7-defined code system of concepts used to specify an expansion on the original Yes/No indicator table by including ""flavors of null"".  It is intended to be applied to fields where the response is not limited to ""yes"" or ""no"".  Used in numerous locations in HL7 Version 2.x messaging.","ValueSet/v2-0136"
http://terminology.hl7.org/CodeSystem/v3-ObservationInterpretation,4.0.0,active,"2.16.840.1.113883.5.83",ObservationInterpretation,ObservationInterpretation,"One or more codes providing a rough qualitative interpretation of the observation, such as ""normal"" / ""abnormal"", ""low"" / ""high"", ""better"" / ""worse"", ""resistant"" / ""susceptible"", ""expected"" / ""not expected"". The value set is intended to be for ANY use where coded representation of an interpretation is needed.","ValueSet/observation-interpretation"
https://www.medizininformatik-initiative.de/fhir/ext/modul-soziodemographie/CodeSystem/mii-cs-sdd-ausbildung,2027.0.0-ballot.rc1,draft,,MII_CS_SDD_Ausbildung,MII CS SDD Ausbildung,"Code System für Ausbildung","ValueSet/mii-vs-sdd-ausbildung"
https://www.medizininformatik-initiative.de/fhir/ext/modul-soziodemographie/CodeSystem/mii-cs-sdd-berufliche-stellung-lang,2027.0.0-ballot.rc1,draft,,MII_CS_SDD_Berufliche_Stellung_Lang,MII CS SDD Berufliche Stellung (Langfversion),"Code System für Berufliche Stellung (Langversion)","ValueSet/mii-vs-sdd-berufliche-stellung-lang"
https://www.medizininformatik-initiative.de/fhir/ext/modul-soziodemographie/CodeSystem/mii-cs-sdd-berufliche-stellung-minimal,2027.0.0-ballot.rc1,draft,,MII_CS_SDD_Berufliche_Stellung_Minimal,MII CS SDD Berufliche Stellung (Minimalversion),"Code System für Berufliche Stellung (Minimalversion)","ValueSet/mii-vs-sdd-berufliche-stellung-minimal"
https://www.medizininformatik-initiative.de/fhir/ext/modul-soziodemographie/CodeSystem/mii-cs-sdd-beschaeftigungsstatus-lang,2027.0.0-ballot.rc1,draft,,MII_CS_SDD_Beschaeftigungsstatus_Lang,MII CS SDD Beschaeftigungsstatus (Langfversion),"Code System für Beschäftigungsstatus (Langversion)","ValueSet/mii-vs-sdd-beschaeftigungsstatus-lang"
https://www.medizininformatik-initiative.de/fhir/ext/modul-soziodemographie/CodeSystem/mii-cs-sdd-beschaeftigungsstatus-minimal,2027.0.0-ballot.rc1,draft,,MII_CS_SDD_Beschaeftigungsstatus_Minimal,MII CS SDD Beschaeftigungsstatus (Minimalversion),"Code System für Beschäftigungsstatus (Minimalversion)","ValueSet/mii-vs-sdd-beschaeftigungsstatus-minimal"
https://www.medizininformatik-initiative.de/fhir/ext/modul-soziodemographie/CodeSystem/mii-cs-sdd-betreuungssituation,2027.0.0-ballot.rc1,draft,,MII_CS_SDD_Betreuungssituation,MII CS SDD Betreuungssituation,"Code System für Betreuungssituation","ValueSet/mii-vs-sdd-betreuungssituation"
https://www.medizininformatik-initiative.de/fhir/ext/modul-soziodemographie/CodeSystem/mii-cs-sdd-einkommen,2027.0.0-ballot.rc1,draft,,MII_CS_SDD_Einkommen,MII CS SDD Einkommen,"Code System für Einkommen","ValueSet/mii-vs-sdd-einkommen"
https://www.medizininformatik-initiative.de/fhir/ext/modul-soziodemographie/CodeSystem/mii-cs-sdd-erhebungsmethode,2027.0.0-ballot.rc1,draft,,MII_CS_SDD_Erhebungsmethode,MII CS SDD Erhebungsmethode,"Code System für Erhebungsmethode","ValueSet/mii-vs-sdd-erhebungsmethode"
https://www.medizininformatik-initiative.de/fhir/ext/modul-soziodemographie/CodeSystem/mii-cs-sdd-laendercodes-sonder,2027.0.0-ballot.rc1,draft,,MII_CS_SDD_Laendercodes_Sonder,MII CS SDD Laendercodes Sonder,"Sonderkonzepte für Ländercodes, die nicht in ISO 3166-1 alpha-2 enthalten sind: staatenlos und ungeklärte Staatsangehörigkeit.","ValueSet/mii-vs-sdd-laendercodes"
https://www.medizininformatik-initiative.de/fhir/ext/modul-soziodemographie/CodeSystem/mii-cs-sdd-merkzeichen,2027.0.0-ballot.rc1,draft,,MII_CS_Merkzeichen,MII CS SDD Merkzeichen (SGB IX / SchwbAwV),"Code System für Merkzeichen (SGB IX / SchwbAwV)","ValueSet/mii-vs-sdd-merkzeichen"
https://www.medizininformatik-initiative.de/fhir/ext/modul-soziodemographie/CodeSystem/mii-cs-sdd-schulabschluss,2027.0.0-ballot.rc1,draft,,MII_CS_SDD_Schulabschluss,MII CS SDD Schulabschluss,"Code System für Schulabschluss","ValueSet/mii-vs-sdd-schulabschluss"
